排行,书名,作者,类型,简介,最新章节,书的地址链接,图片链接
1,临渊行,宅猪,玄幻,苏云怎么也没有想到，自己生活了十几年的天门镇，只有自己是人。他更没有想到天门镇外，方圆百里，是鼎鼎有名的无人区。少年睁开眼睛时，想象中的世界崩塌了，妖魔鬼怪横行的现实呈现在他的面前。临渊行。黑夜中临深渊而行，须得打起精神，如履薄冰！书友群群号，978862507（已满）书友二群，713432268；订阅群，1037358191（有验证）,最新更新 第五百四十二章 失宠了,https://bookcover.yuewen.com/qdbimg/349573/1017125042/150,https://book.qidian.com/info/1017125042
2,万族之劫,老鹰吃小鸡,都市,我是这诸天万族的劫！《全球高武》和《万族之劫》前五册实体书出版了，天猫、当当、京东都有售，喜欢的可以去看看，谢谢大家支持！,最新更新  第588章 杀无敌，镇诸天！（万更求月票）,https://bookcover.yuewen.com/qdbimg/349573/1018027842/150,https://book.qidian.com/info/1018027842
3,大奉打更人,卖报小郎君,仙侠,这个世界，有儒；有道；有佛；有妖；有术士。警校毕业的许七安幽幽醒来，发现自己身处牢狱之中，三日后流放边陲.....他起初的目的只是自保，顺便在这个没有人权的社会里当个富家翁悠闲度日。......多年后，许七安回首前尘，身后是早已逝去的敌人，以及累累白骨。滚滚长江东逝水，浪花淘尽英雄，是非成败转头空。青山依旧在，几度夕阳红。PS：本书不悲剧！,最新更新 第一百四十七章 回京,https://bookcover.yuewen.com/qdbimg/349573/1019664125/150,https://book.qidian.com/info/1019664125
4,我师兄实在太稳健了,言归正传,仙侠,重生在封神大战之前的上古时代，李长寿成了一个小小的炼气士，没有什么气运加身，也不是什么注定的大劫之子，他只有一个想要长生不老的修仙梦。为了能在残酷的洪荒安身立命，他努力不沾因果，杀人必扬其灰，凡事谋而后动，从不轻易步入危险之中。藏底牌，修遁术，炼丹毒，掌神通，不动稳如老狗，一动石破天惊，动后悄声走人。本来李长寿规划中，自己会一直躲在山中平安无事的修行成仙，直到有一年，他的老师父静极思动，又给他……收了个师妹回来……【PS：暂时不开新群，五群（1098711961）壹群（474095492）贰群（836797636）叁群（398929196）肆群（1071059242）贯彻到底，轻松修仙！】,最新更新 免费单章・现有情报归纳,https://bookcover.yuewen.com/qdbimg/349573/1016572786/150,https://book.qidian.com/info/1016572786
5,突然成仙了怎么办,欢颜笑语,都市,（高定过万作品，非无敌轻松逗逼文，每天爆更，请放心观看。）这天，林凡与圣女同时穿越，之后更是发现，他们可以无限互穿。随后，两人在不同时空，杠上了。直到某日，林凡穿越归来，却发现自己已经成仙！突然成仙了怎么办？在线等，挺急的。（群号:1005499845，静待朋友们加入）,最新更新 第475章 这是钞能力,https://bookcover.yuewen.com/qdbimg/349573/1021226784/150,https://book.qidian.com/info/1021226784
6,大道纪,裴屠狗,科幻,万千宇宙天骄并起，无穷次元霸主同存。武侠世界，有道人铸剑王权，威临天下一甲子，名传后世三千年，无双无对，古今第一，无上大宗师。神鬼世界，百鬼日行，道人驻世不死，一问鬼神，二问苍天，以地伐天，封神天下，万神之宗长。万阳世界，神魔咆哮天地，大妖宰执星河，一世称尊，灿若骄阳，古今亿万载，万阳同天，有道人登临绝巅，人若长河，横压万阳之上。皇天界，蛮荒大界，巫神大界，元阳界，大龙界........战魔尊，斗皇天，平动乱，撼神庭，定蛮荒，试手巫神，对弈天帝......踏过诸天，行罢万界，安奇生蓦然发现，万道万神，已在掌心三寸之间。已有480万字完本精品小说《诸天投影》，人品保证。诸天大道宗普群1031416893。诸天大道宗全订群724433161，欢迎加群。,最新更新 第718章 顺逆由心亦由我！,https://bookcover.yuewen.com/qdbimg/349573/1016861609/150,https://book.qidian.com/info/1016861609
7,东晋北府一丘八,指云笑天道1,历史,历史的车轮滚过波澜壮阔的三国时代，中原大地迎来了百年未遇的和平，人们都以为盛世即将来临，可谁都没想到，等来的却是一场汉人永远也不愿面对的千年恶梦。永嘉丧乱，中原大地，虎狼横行!华夏的儿女，在血泊中哀号。不甘为奴的汉人举族南下，在江东之地重建东晋，自祖逖起，百年来汉家军队六出江南，九伐中原，可惜功亏一篑，多少志士，徒望两京兴叹，巍巍青山，何处不埋忠骨？所幸天不亡汉族，还有刘寄奴，他会用一腔的热血，吼出这个时代的最强音：汉胡不两立，王业不偏安！欢迎随本书走进那段金戈铁马，气吞万里的年代。作者书友群933794235,最新更新 第二千三百三十七章 向前一步无退路,https://bookcover.yuewen.com/qdbimg/349573/1010056141/150,https://book.qidian.com/info/1010056141
8,我真没想重生啊,柳岸花又明,都市,万万没想到，社会精英、钻石单身汉的陈汉升居然重生了，一觉醒来变成了高三毕业生。十字路口的陈汉升也在犹豫，宝藏女孩沈幼楚和白月光萧容鱼，应该选择谁？已有精品作品《大时代1994》，验证群964657392（粉丝值500以上进群）。,最新更新 848、锁门和锁心（求月票）,https://bookcover.yuewen.com/qdbimg/349573/1015648531/150,https://book.qidian.com/info/1015648531
9,我真的不是气运之子,云中殿,轻小说,清月仙子：我曾与师兄西行三千里，在昆仑秘境得日月金轮！玲珑帝姬：我曾陪师兄深入北海帝葬谷，一起接受丹帝传承！不死凰后：呵呵，一群雏儿！知道他的龙凰不灭体怎么来的吗？……穿越修仙界，沈天发现自己可以看到身边其他人的气运和机缘。抱着蹭大佬主角光环的想法，沈天开始主动结交那些气运之子。……后来大家渐渐发现：无论是谁，只要跟沈天一起历练，就必然会遇到大机缘，从无例外！从那天起，沈天成了修仙界最受欢迎的吉祥物。PS：本书又名《非酋的进化论》《韭菜的100种收割方式》《好师兄，带带我》《师兄机缘，怎可分我这么多！》粉丝群号：534175450，无条件加入。vip粉丝群：287592904，要求：粉丝值500以上。,最新更新 第332章 龙皇圣体，金身八转,https://bookcover.yuewen.com/qdbimg/349573/1019593678/150,https://book.qidian.com/info/1019593678
10,轮回乐园,那一只蚊子,轻小说,苏晓签订轮回契约，进入各个世界执行任务。他曾目睹一个世界崩灭为尘粒，也曾与被遗忘的王者持刃而战。暗鸦在低语，黑渊下巨兽咆哮。欢迎来到，轮回乐园……---------------本书动漫无限流，作者节操满满，请放心入坑。读者群：534789565二群：631919682三群：485381921VIP群：204920420（需粉丝值截图验证）,最新更新 第二十一章：隔着‘网线’钓鱼,https://bookcover.yuewen.com/qdbimg/349573/1009817672/150,https://book.qidian.com/info/1009817672
11,黎明之剑,远瞳,科幻,高文穿越了，但穿越的时候稍微出了点问题。在某个异界大陆上空飘了十几万年之后，他觉得自己可能需要一具身体才算是成为一个完整的穿越者，但他并没想到自己好不容易成功之后竟然还需要带着这具身体从棺材里爬出来，并且面对两个吓蒙了的曾曾曾曾……曾孙女。以及一个即将迎来纪元终结的世界。,最新更新 第一千零三十八章 象征和仪式的力量？,https://bookcover.yuewen.com/qdbimg/349573/1010400217/150,https://book.qidian.com/info/1010400217
12,绍宋,榴弹怕水,历史,绍者，一曰继；二曰导。公元1127年，北宋灭亡。旋即，皇九子赵构在万众期待中于商丘登基，继承宋统，改元建炎。然而，三个月内，李纲罢相，陈东被杀，岳飞被驱逐出军，宗泽被遗弃东京，河北抗金布置被全面裁撤……经过这么多努力之后，满朝文武终于统一了思想，定下了拥护赵官家南下淮甸转扬州的辉煌抗金路线。不过刚一启程，在亳州明道宫参拜了道祖之后，这位赵官家便一头栽入了闻名天下的九龙井中，起来后就不认得自己心腹是谁了！朕要抗金！可朕的心腹都在何处？！这是一个来自于九百年后灵魂的真诚呐喊，他在无可奈何继承了大宋的名号后，更要将这个朝廷与天下导向一条新路。故称绍宋。,最新更新 第四十二章 前后,https://bookcover.yuewen.com/qdbimg/349573/1017281778/150,https://book.qidian.com/info/1017281778
13,魔临,纯洁滴小龙,悬疑,这个世界一直流传着一个传说：终有一日，魔王会降临于这个世界，魔王的麾下，有七尊恐怖的魔头，他们，将带给这个世界绝望的黑暗。《魔临》舵主群：893、107、381（需要验证）《魔临》樊力群：113、552、0983（无需验证）,最新更新 第三百六十八章 大胜！,https://bookcover.yuewen.com/qdbimg/349573/1016560323/150,https://book.qidian.com/info/1016560323
14,当医生开了外挂,手握寸关尺,都市,"你是一名月入2000的小（穷）医生，饱受生活的压力和摧残！可是，某天一觉醒来，发现自己开了外挂……你要做一台阑尾手术，于是开腹探查：你触摸盲肠：【盲肠：健康！】你触摸结肠：【结肠：健康！】你触摸阑尾：【阑尾：这是一个炎性化脓的阑尾怪，lv15，稀有怪，建议：行阑尾切除术！】你手起刀落，圆满切下阑尾。【叮！击杀稀有阑尾怪，获得：阑尾切除术经验+100，人民币+100，白色缝合针一个！】……你是一名急诊外科医生，你一觉醒来……救人就变强！普2群：107,798,4631。全订V群：818，843，247（需全订）舵主群：群号：902，053，154。（舵主及以上）老手好酒好肉期待大家到来！",最新更新 第1769章：真相，大白。,https://bookcover.yuewen.com/qdbimg/349573/1016313375/150,https://book.qidian.com/info/1016313375
15,明天下,孑与2,历史,明末的历史纷乱混杂，堪称是一段由一些有着强大个人魅力的人书写成的历史。不论是李自成，还是张献忠这些叛逆者，还是崇祯，袁崇焕，这些当权者，亦或是吴三桂，耿精忠这些背叛者，每个人身上都有很多的故事，就是因为有了这些精彩的故事，明末的历史才变得大气起磅礴，波澜起伏。想要把这一段历史写好，自然要描绘出一个个活生生的人物，不论他的立场如何，我们站在历史长河的边缘上旁观，他们不过是这条长河里的一朵浪花。冷眼看世界，就是我们目前需要做的事情，冷眼看历史也是我们目前生活的一种追求。历史长河已经流淌到了我们的脚下，我们大可站在河边，准备迎接我们的历史。,最新更新 第一七五章稳定就是胜利，其余不足论,https://bookcover.yuewen.com/qdbimg/349573/1015609210/150,https://book.qidian.com/info/1015609210
16,大梦主,忘语,仙侠,一个从小体弱多病的富商之子，在寻求续命之法时，意外走上了修仙登天之路！大唐盛世，天下安泰，风调雨顺，百姓安居。千年后世，魔物吞天，妖鬼横行，遍野哀鸣。西游再现，大圣斗天，天蓬下凡，卷帘重生。莫名的穿梭与轮回，虚实掩映，真幻交织！是预言中的梦境？还是尚未发生的现实？他能否打破命中注定的魔障，消弭还未发生的三界大劫，挽救苍生于水火？,最新更新 第三百零一章 虫灾,https://bookcover.yuewen.com/qdbimg/349573/1016534035/150,https://book.qidian.com/info/1016534035
17,超神机械师,齐佩甲,游戏,韩萧，《星海》骨灰级代练，被来自东（zuo）方(zhe)的神秘力量扔进穿越大军，携带玩家面板变成NPC，回到《星海》公测之前，毅然选择难度最高的机械系。战舰列队纵横星海，星辰机甲夭矫如龙，幽能炮毁天灭地，还有无边无际的机械大军，静静待在随身仓库里一人，即是军团！如果不是玩家出现，本书就是正经严肃的穿越异界题材……作为NPC，正常NPC对玩家功能一应俱全……发布任务？好感度调节？传授技能？哎等等，这群玩家我怎么都认识得，现实世界也回到了十年前。二群：157302881三群：884339155V群：547599250（需1w粉丝值由管理审核）,最新更新 1381 海拉潜修，经验完满,https://bookcover.yuewen.com/qdbimg/349573/1009480992/150,https://book.qidian.com/info/1009480992
18,御九天,骷髅精灵,仙侠,王峰创造了一款游戏“御九天”，在即将功成名就，走向人生巅峰的时候，穿越到了“九天世界”。可是穿越必备的辅助系统呢？不是高富帅也就罢了，毕竟王家兄弟是个有才华的人，可，地牢小皮鞭开局是什么鬼？无外挂，不穿越，面对来自灵魂的拷问，三观奇正的老王开始了人生的第二次奋斗。兄弟们，老王又回来了！,最新更新 第三百零七章 血妖曼库,https://bookcover.yuewen.com/qdbimg/349573/1017258335/150,https://book.qidian.com/info/1017258335
19,亏成首富从游戏开始,青衫取醉,游戏,近日，特约记者对腾达集团总裁裴谦做了专访。腾达集团目前估值已达千亿级别，业务涉及游戏、互联网、数码硬件、文化传媒、餐饮等多个领域，深刻地改变了人们生活的方方面面。而裴谦，也被视为“绝世好老板”、“不世出的投资奇才”、“天才游戏制作人”，拥有“无为而治的管理才能”和“对行业风向的精确洞察力”。面对记者，裴谦大吐苦水。“我真不是什么商业奇才啊！”“我的成功，完完全全都是运气使然！”“我最初的目标，只是想亏光五万块而已……”看，商业天才的人生就是这么的谦虚而又低调。书友群：1064135703（新群）893157567（已满）,最新更新 第959章 人工智能与游戏,https://bookcover.yuewen.com/qdbimg/349573/1016150754/150,https://book.qidian.com/info/1016150754
20,精灵掌门人,轻泉流响,轻小说,为什么考试会有精灵对战，为什么出门会被精灵袭击，谁告诉我地球发生了什么……不要碰我！我不要吃药，我没疯！接受了设定后……方缘立志成为一名优秀的训练家。“真香。”――――――――进入V群需全订验证，先加验证群273081875，找管理员验证后进v群。,最新更新 第881章 冥王龙的专属道具？,https://bookcover.yuewen.com/qdbimg/349573/1015792398/150,https://book.qidian.com/info/1015792398
21,港综世界大枭雄,萌俊,科幻,他叫庄世楷，是探长！也是一哥！从70年代的探长，到80年代的署长，再到90年代的首位华人处长。有人叫他庄先生，有人叫他庄处长，最后《时代周刊》称他为“跨越世纪的枭雄”。......“叮，发布任务：击毙伍世豪！”手腕上的大金劳泛起一抹闪光，又要开始搞事了。本书为电影世界题材，如有雷同，纯属故意碰瓷。读者群新界总区：1093329759,最新更新 427 庄系表演,https://bookcover.yuewen.com/qdbimg/349573/1018970292/150,https://book.qidian.com/info/1018970292
22,我有一座冒险屋,我会修空调,悬疑,【本作品简体实体书由次元书馆出版】陈歌继承了失踪父母留下的冒险屋，无奈生意萧条，直到整理冒险屋时意外发现的手机改变了这一切。只要完成手机每日布置的不同难度的任务，冒险屋就能得到修缮甚至扩建！于是陈歌开始在各大禁地里探险取材，将其中场景元素纳入到自己的冒险屋中。随着前来参观的游客们各种惊声尖叫，冒险屋一举成名！然而虽然任务带来的好处越来越多，但其中隐患也慢慢显现，甚至父母失踪的线索似乎也藏其中……书友一群819098233；二群724779368；三群946284995,最新更新 第1195章 你们的孩子来找你们了,https://bookcover.yuewen.com/qdbimg/349573/1012284323/150,https://book.qidian.com/info/1012284323
23,从1983开始,睡觉会变白,都市,一个有点怀旧的故事。……………………书友群旧群已满，新群：8876-28-702,最新更新 第八百章 临危受命,https://bookcover.yuewen.com/qdbimg/349573/1015289802/150,https://book.qidian.com/info/1015289802
24,剑卒过河,惰堕,仙侠,小人物，也有大成就！一卒过河，有进无退！一剑在手，再铸辉煌！本书vip群号：964227244。官方群号：853336118,最新更新 第415章 孔雀【为冰客剑的地图加更】,https://bookcover.yuewen.com/qdbimg/349573/1021693079/150,https://book.qidian.com/info/1021693079
25,左道倾天,风凌天下,玄幻,是非谁来判定，功过谁予置评？此生不想规矩，只求随心所欲。天机握在手中，看我飞扬跋扈。――――我是左小多，我不走寻常路。,最新更新 第一百九十五章 玄衣救人,https://bookcover.yuewen.com/qdbimg/349573/1016460852/150,https://book.qidian.com/info/1016460852
26,全职艺术家,我最白,都市,“音乐、影视、绘画、书法、雕塑、文学……”“你都懂？”“略知一二。”“都会一点的意思？”“嗯，都会亿点的意思。”怀揣系统，靠艺术征服世界，成为各界人士顶礼膜拜的无冕之王。,最新更新 第一百三十八章 临别,https://bookcover.yuewen.com/qdbimg/349573/1022282526/150,https://book.qidian.com/info/1022282526
27,神话版三国,坟土荒草,历史,陈曦看着将一块数百斤巨石撇出去的士卒，无语望苍天，这真的是东汉末年？吕布单枪匹马凿穿万人部队，这怎么看都不科学。赵子龙真心龙魂附体了，一剑断山，这真的是人？典韦单人护着曹操杀出敌营，顺手宰了对面数千步骑，这战斗力爆表了吧！这是不是哪里有些不对啊，陈曦顺手摸了一把鹅毛扇挥了一下，狂风大作，叹了一口气，“这是神话吧，我自己都不正常了。”ps：其实这是一篇正经的种田文……QQ群：95010223（满了）全订验证群：949176942酱油群：397441818（快满了）二群：418928396（快满了）三群：371034966五群：966666635,最新更新 第三千六百四十二章 无知者无畏,https://bookcover.yuewen.com/qdbimg/349573/3223937/150,https://book.qidian.com/info/3223937
28,小阁老,三戒大师,历史,站在你面前的是：大明王朝的守护者，万历皇帝的亲密战友，内阁首辅的好儿子，十六、十七世纪全球首富。控制吏部三十年的幕后黑手，宗藩制度的掘墓人，东林党口中的严世藩第二，张居正高呼不可战胜。海瑞的知己，徐渭的东家，利玛窦的剃度人，徐光启等六位状元的授业恩师。大明诗坛遮羞布，七百余种各学科书籍撰写者，两千七百余项专利的发明人，现代大学与科学的奠基者。海外汉人的保护神，新航路的开辟者，大洋秩序的维持者，全球大型工程的承包商。祸乱欧洲的罪魁祸首，德川家康的义父，塞巴斯蒂安的拯救者，一心为民的小阁老。小阁老书友群：56471661,最新更新 第一百八十章 炮声隆隆,https://bookcover.yuewen.com/qdbimg/349573/1016855477/150,https://book.qidian.com/info/1016855477
29,烂柯棋缘,真费事,仙侠,烂柯旁棋局落叶，老树间对弈无人兴所致天元一子，再回首山海苍茫……一觉醒来，计缘成了一个破旧山神庙中的半瞎乞丐。真人一柄剑，神棍一张嘴，就是计缘在这个可怕的世界安身立足的根本。――――普群号：563767909VIP验证群号：1071336169（需要全订截图）,最新更新 第738章 以指对剑,https://bookcover.yuewen.com/qdbimg/349573/1015990091/150,https://book.qidian.com/info/1015990091
30,诡秘之主,爱潜水的乌贼,玄幻,蒸汽与机械的浪潮中，谁能触及非凡？历史和黑暗的迷雾里，又是谁在耳语？我从诡秘中醒来，睁眼看见这个世界：枪械，大炮，巨舰，飞空艇，差分机；魔药，占卜，诅咒，倒吊人，封印物……光明依旧照耀，神秘从未远离，这是一段“愚者”的传说。,最新更新 不是诈尸，不是遭了阿蒙,https://bookcover.yuewen.com/qdbimg/349573/1010868264/150,https://book.qidian.com/info/1010868264
31,红楼春,屋外风吹凉,历史,隆安五年，二世为人的贾蔷为保清白身，从虎狼之巢宁国府夺命而逃，自此，一名万年工科单身狗，迎来了他在红楼世界的春天……群号：三七九，三零三，零七六（已满）二群：七二九八二一六零五,最新更新 第五百一十二章 捅了马蜂窝,https://bookcover.yuewen.com/qdbimg/349573/1018476807/150,https://book.qidian.com/info/1018476807
32,唐朝贵公子,上山打老虎额,历史,贞观三年。此时李世民已擦拭了玄武门的血迹，雄才大略，气吞山河。此时一代名相马周还在给人喂马，蛰伏于市井，等待着宏图大展。此时公主殿下们初成年，豆蔻年华，情窦初开。此时一代骁将和名臣们，开始了他们的故事。也在此时，陈正泰来到了这个世界，他经历了懵然，随即纵身跃入这无数王侯将相掀起高浪的历史长河，故事从这贞观三年开始……,最新更新 第二百五十一章：格杀勿论,https://bookcover.yuewen.com/qdbimg/349573/1021823377/150,https://book.qidian.com/info/1021823377
33,天启预报,风月,奇幻,“我想要挨一顿毒打……”――灾厄之剑、旧世界守墓人、调律师、最后的天国捍卫者、二十四个毁灭因素之一、淮海路小佩奇、深渊烈日、最终的地狱之王：槐诗。.某一天，穷困潦倒的槐诗忽然发现自己捡来的金手指终于能用了……只不过，这似乎并不是一件好事。为了赚钱和苟命，他一不小心踏入了这个危险世界。现境之外的边境，日常之后的异常。天文会，绿日、黄金黎明、存世余孽与诸界天敌……究竟是生存还是灭亡？这是个问题。那么，就在这一万零一种拯救世界的方法中，选一个通往HAPPYEND的方向吧。――――――VIP读者群：718703105(存续院一号实验室)，入群之后发粉丝值（需全订）召唤管理，可进入V群。,最新更新 第八百一十四章 准备好了吗？,https://bookcover.yuewen.com/qdbimg/349573/1014180485/150,https://book.qidian.com/info/1014180485
34,我老婆是大明星,玉米煮不熟,都市,领导想把当大明星的女儿嫁给我……可是我不想吃软饭怎么办？（日常风，轻喜剧，无戾气，不重口，欢迎试读……）交流群：1014601906,最新更新 第五百一十七章 曙光,https://bookcover.yuewen.com/qdbimg/349573/1017580377/150,https://book.qidian.com/info/1017580377
35,我真的是个内线,葛洛夫街兄弟,体育,“ESPN没有把你排入本赛季十佳大前锋行列，不是因为你不够强，而是他们认为一个可以从三分线外晃开对手完成突破，三分命中全联盟前五，组织能力堪比控卫，能够快节奏地全场飞奔，除了身高外和内线几乎完全不搭边的你不算是大前锋。对此，你怎么看？”韦恩面对镜头，十分无辜：“我真的是个内线啊。”,最新更新 227：你路肘窄了（4K求票票）,https://bookcover.yuewen.com/qdbimg/349573/1021822278/150,https://book.qidian.com/info/1021822278
36,玩家凶猛,黑灯夏火,科幻,这是超越维度的真实游戏，这是诸天万界的激烈竞争，波澜壮阔的史诗神话，离奇曲折的异界幻想，玩家凶猛！（书友群738794843，需2000粉丝值）,最新更新 第八百三十五章 能量（4K）,https://bookcover.yuewen.com/qdbimg/349573/1015179225/150,https://book.qidian.com/info/1015179225
37,太乙,雾外江山,仙侠,奠玉群仙座，焚香太乙宫。……两个宇宙的对撞吞噬，胜负的关键时刻，叶江川来到了这里。穿越到此，他时常能够来到一间变化万千的小酒馆。这个酒馆似乎有无穷的形态，时而是古代东方酒肆、时而是现代都市酒吧、时而是未来机械酒馆……侠客、矮人、恶鬼、机械生命……叶江川在这里见过许多不同生命形态的过客，直到那天，他遇到了一位牵着青牛的耄耋老者！奇迹卡牌，混沌道棋。秘宝、血脉、神通、奇遇……当这些摆在他的面前唾手可得时，叶江川便明白，一切都不一样了！,最新更新 第五百一十九章 二五威能，九雷我掌！（感谢盟主死亡狂岚）,https://bookcover.yuewen.com/qdbimg/349573/1021283704/150,https://book.qidian.com/info/1021283704
38,圣光,通吃道人.QD,科幻,剑与魔法的世界，本书主角一登场就挂了，就这么死啊死的走向巅峰。验证群：549811805,最新更新 第0930章 潜龙升天,https://bookcover.yuewen.com/qdbimg/349573/1015581825/150,https://book.qidian.com/info/1015581825
39,沧元图,我吃西红柿,玄幻,番茄的第十本小说。――――我叫孟川，今年十五岁，是东宁府“镜湖道院”的当代大师兄。,最新更新 本星期六恢复更新,https://bookcover.yuewen.com/qdbimg/349573/1015499829/150,https://book.qidian.com/info/1015499829
40,最初进化,卷土,玄幻,本书QQ交流群：153340812最意外的诡异宿命，最激烈的脑力碰撞，最残酷的生死战斗，最疯狂的奇异幻想，最离奇的事实真相......最初已至，再战十年！,最新更新  第一百七十六章 钓鱼,https://bookcover.yuewen.com/qdbimg/349573/1017021237/150,https://book.qidian.com/info/1017021237
41,柯学验尸官,河流之汪,轻小说,【这是柯南同人】本书全称：《刚穿越到柯学世界就被名侦探指认为头号犯罪嫌疑人，身为验尸官的我现在一点不慌》,最新更新 第195章 灰原小姐想要午休,https://bookcover.yuewen.com/qdbimg/349573/1021708634/150,https://book.qidian.com/info/1021708634
42,我真不是魔神,瞎眼的韭菜,轻小说,作为一个平平无奇的书店老板。灵平安此生最大的志愿，就是混吃等死，躺平等赢。但他怎么都想不到，自己随随便便卖出去的书，在他的客人眼里，每一本都是记录着无比恐怖的知识与不可叵测的真理的神圣典籍！他更想不到，自己随随便便打几把游戏，就拯救了一个又一个世界。更猜不到，自己种的桃树，养的猫，都是神！就连他穿过的旧衣服，丢掉的外卖盒饭，在别人眼中，都是神物！所有人，都将他看成了不可名状的邪神头子，统御万界无上主宰。对此灵平安表示：要相信科学，不要封建迷信！信不信我打电话举报你们宣扬封建迷信？！书友群：1067719134，欢迎各位上帝与创世神加入一起快活,最新更新 第两百五十章 桎梏,https://bookcover.yuewen.com/qdbimg/349573/1021580268/150,https://book.qidian.com/info/1021580268
43,禁区之狐,林海听涛,体育,“胡莱先生，当今足坛像您这样只会进球的前锋生存空间越来越狭窄……但尽管如此，您还是取得了耀眼的成就，请问您的成功秘诀是什么呢？”在一个冬日的午后，胡莱向来自全世界的记者们展示他刚刚获得的至高荣誉，有记者向他提出了这样的问题。面对记者们投来的目光，胡莱的思绪却回到了中学时的那个下午，他孤独的站在球场旁边看其他同学踢比赛，他们不让他上场，觉得他是来捣乱的。他还想到了教练板着脸对他说的话：“胡莱，如果你不能付出十倍于别人的努力，你的天赋就只是毫无价值的石头而已。”以及一个不屑的声音：“现代足球对中锋的要求越来越高，越来越全面，你只会射门有什么用呢？”最后他的思绪定格于那时，夜幕已在东方的天空中若隐若现，在周边长满了荒草的废弃空地中央，有个女孩子很认真地对他说：“胡莱，你其实是有天赋的，而且是很厉害的天赋！因为你知道球门在哪里！”胡莱盯着女孩子的眼睛，从那双眼眸中看到了身后的夕阳。阳光映在瞳孔中，流动着，燃烧着，凝成一道光环，仿佛要把自己也融化在这光芒中一样。收回思绪的胡莱重新回到了这个暖和的冬日午后，面对兴致勃勃的记者们，他微微一笑：“因为我知道，球门就在那里。”,最新更新 第一百四十五章 什么叫“惊喜”？,https://bookcover.yuewen.com/qdbimg/349573/1017653178/150,https://book.qidian.com/info/1017653178
44,数风流人物,瑞根,历史,瑞根晚明+红楼半架空历史官场养成文，绝对够味！大周永隆二年。盛世隐忧。四王八公鲜花着锦，文臣武将烈火烹油。内有南北文武党争不休，外有九边海疆虏寇虎视。这是一个最好的时代，也是一个最坏的时代。关键在于你身处其中时，该如何把握。勇猛精进，志愿无倦，且看我如何定风流，挽天倾！历史官场养成文，兄弟们请多支持。瑞根铁杆书友群：581470234,最新更新 戊字卷 第四节 钗探初交锋,https://bookcover.yuewen.com/qdbimg/349573/1017596768/150,https://book.qidian.com/info/1017596768
45,我的徒弟都是大反派,谋生任转蓬,玄幻,陆州一觉醒来成了世间最强大最老的魔头祖师爷，还有九个恶贯满盈，威震天下的徒弟。大徒弟幽冥教教主手下万千魔众，二徒弟剑魔一言不合就开杀戒……没了一身修为，如何调教这帮恶徒？大徒弟于正海：“老夫这一生所向披靡，除了师父他老人家，谁也别想骑我头上。”七徒弟司无涯：“师父不死，我等寝食难安啊！”……九徒弟鸢儿：“我一定会谨记师父的话，做个好人。”一群586414482，二群444133211，V群1059766128（需粉丝值大于2000）欢迎来聊天打屁。简介无力。请看内容吧。,最新更新 第1006章 力挽狂澜（4更）,https://bookcover.yuewen.com/qdbimg/349573/1016660823/150,https://book.qidian.com/info/1016660823
46,我真不是仙二代,明月地上霜,仙侠,安不浪是一个顶级仙二代，但他并不快乐。一日，一个容貌绝美的少女走到他的面前，拿出一纸婚书：“安不浪，我要退婚！”安不浪勃然大怒：“三十年河东，三十年河西，莫欺少年……”“呜呜呜……别人都说我配不上你……”少女突然泪流满面，“是，我仅仅是个十大圣宗的宗主之女，仅有一条圣品寒灵根的卑微少女而已，连神女榜榜首都不是的渣渣，我高攀不上你，但我还不能悔婚吗？！”说罢，少女将婚书撕裂，暴风雨哭泣，掩面飞走。安不浪一脸懵逼地站在原地。我这该死的仙二代！！……（普群：1031630512VIP群：229370094，上架前需2000粉丝值进群~）,最新更新 第570章 一个队友的回归,https://bookcover.yuewen.com/qdbimg/349573/1017596129/150,https://book.qidian.com/info/1017596129
47,大周仙吏,荣小荣,仙侠,穿越妖魅横生，群魔乱舞的仙侠世界，李慕开始真的只想苟活，可他无意中救了的小狐狸忽然口吐人言，说要以身相许……这是一个现代青年穿越仙侠世界，斩妖除魔，匡扶正义的故事。,最新更新 第14章 你看什么！,https://bookcover.yuewen.com/qdbimg/349573/1020580616/150,https://book.qidian.com/info/1020580616
48,第一序列,会说话的肘子,都市,废土之上，人类文明得以苟延残喘。一座座壁垒拔地而起，秩序却不断崩坏。有人说，当灾难降临时，精神意志才是人类面对危险的第一序列武器。有人说，不要让时代的悲哀，成为你的悲哀。有人说，我要让我的悲哀，成为这个时代的悲哀。这次是一个新的故事。浩劫余生，终见光明。,最新更新 完结感言,https://bookcover.yuewen.com/qdbimg/349573/1013562540/150,https://book.qidian.com/info/1013562540
49,诸界末日在线,烟火成城,科幻,诸界末日降临，魔王的秩序收割着众生性命，在这绝望的黑暗之中，有一人挣脱时空，回到世界崩毁之前，决心改变曾经的命运。但随着时间的推移，他渐渐发现末日并不是那么简单……（书友群：662816185；V群878261509，欢迎读友们加入~）,最新更新 第十二章 主时间线的变动,https://bookcover.yuewen.com/qdbimg/349573/1010426071/150,https://book.qidian.com/info/1010426071
50,仙王的日常生活,枯玄,轻小说,本书宣传名为《王令的日常生活》十岁（动画版时间修改为六岁）就随手干掉了妖王吞天蛤，作为一个无所不能的修真奇才，王令得隐藏自己的大能，在一群平凡的修真学生中活下去。普通人追求的钱财，仙术，法宝，声名，这个年轻人都不在意。无论豪门千金孙蓉的爱慕、影流顶级杀手的狙杀、父母无间断的嗦，都无法阻止他对干脆面的追求。不是在吃干脆面，就是在去小卖部买干脆面的路上。面对困难，王令会碾压对手？还是低调的躺倒装死？PS:仙王公众粉丝群①：497204521公众粉丝群②：1031978228VIP读者群：704620442（7000粉丝值以上订阅可入）【小说封面绘制】《仙王的日常生活》小说主题曲《仙王的无奈》，小说中国风新插曲《共书仙侠》，小说流行插曲《星空恋语》欢迎搜索收听~,最新更新  第一千五百八十六章 孩子饿了（1/97）,https://bookcover.yuewen.com/qdbimg/349573/1005394024/150,https://book.qidian.com/info/1005394024
51,大数据修仙,陈风笑,仙侠,冯君身为985的双学位，毕业就失业了，在都市中艰难打拼，偏偏还放不下架子，他的处境可想而知。直到有一天，他和手机被雷劈了，猛然发现，原来自己可以化身数据，进入app中。化身数据进入app中能做什么？能做的太多了，尽情想像吧……慢着，手机银行的存款？住手，那个不能乱改！当然，这并不仅仅是全部，然后他还发现，自己居然可以自由进入仙侠位面……让我们跟随冯君，踏上奇妙的修仙之旅，“落花时节又逢君”，这话可不是白说的……,最新更新 第两千二百二十八章 潜在威胁,https://bookcover.yuewen.com/qdbimg/349573/1010737835/150,https://book.qidian.com/info/1010737835
52,带着系统来大唐,农家一锅出,历史,大唐开元年，这是一个本应该带领华夏开始冲向巅峰的时期，可结局却是安史之乱。皇帝李隆基，大唐第四次玄武门之变的主角，开元年间，他带领大唐抵御住吐蕃、突厥、契丹所有外邦。可最后又因他而让大唐一蹶不振，是武惠妃的原因，还是杨贵妃的原因？不，有一个女人的生死才是关键。知道历史的李易来到了开元二年，他想看到一个繁荣的大唐，那么改变，就从灞水畔的一个庄子开始。开元盛世几流传，铁血边关将不还。沙场刀光心未灭，城池箭雨血难寒。男儿一怒天为暗，弱女千愁地有晗。流水潺潺说壮志，青山历历誓成峦。,最新更新 第八百四十四章 如今大唐不应差（第四更）,https://bookcover.yuewen.com/qdbimg/349573/1020244873/150,https://book.qidian.com/info/1020244873
53,贞观憨婿,大眼小金鱼,历史,“陛下，管管你女婿韦憨子吧，他又要在东门外单挑那帮大臣！”一个大臣跑到甘露殿对着李世民喊道。“这个韦憨子，简直就是胡闹，传朕的口谕，不许在东门打架！”李世民一脸愤怒的喊道。・・・・・・・・“走，去西门，东门不能打！”韦浩在东门对着那些大臣们喊道。,最新更新 第248章怂包，过来打我啊！,https://bookcover.yuewen.com/qdbimg/349573/1021685038/150,https://book.qidian.com/info/1021685038
54,斗罗大陆IV终极斗罗,唐家三少,玄幻,一万年后，冰化了。斗罗联邦科考队在极北之地科考时发现了一个有着金银双色花纹的蛋，用仪器探察之后，发现里面居然有生命体征，赶忙将其带回研究所进行孵化。蛋孵化出来了，可孵出来的却是一个婴儿，和人类一模一样的婴儿，一个蛋生的孩子。,最新更新 第一千二百八十六章 你头发乱了，我给你梳梳,https://bookcover.yuewen.com/qdbimg/349573/1013406185/150,https://book.qidian.com/info/1013406185
55,梦回大明春,王梓钧,历史,穿越到大明朝，考科举是黑户，想读书又没老师。好在隔壁就是流放王阳明的龙场驿，不过还得等几年，那就先抢一个老师回家凑合着学吧。,最新更新 379【又是阳谋】,https://bookcover.yuewen.com/qdbimg/349573/1019189022/150,https://book.qidian.com/info/1019189022
56,三寸人间,耳根,仙侠,举头三尺无神明，掌心三寸是人间。这是耳根继《仙逆》《求魔》《我欲封天》《一念永恒》后，创作的第五部长篇小说《三寸人间》。,最新更新 第1106章 有点麻！,https://bookcover.yuewen.com/qdbimg/349573/1010327039/150,https://book.qidian.com/info/1010327039
57,信息全知者,魔性沧月,都市,所见能知道一切已发生之事，所闻能看穿世人诡谲人心，所感能知晓他人隐藏在记忆深处的秘密。知道的越多，越不幸福，仰望星空，黄极感受着来自整个宇宙的恶意，以及人类的绝境。仅仅只是地球乡村小农民的他，不得不感慨：“我知道的太多了。”无论是科技还是神话，亦或者宇宙隐藏的bug……皆逃不过信息的感知。面对人类被高等文明圈养而不自知的无解困局，黄极只能跟外星人比一比，谁知道的更多了！,最新更新 条假请,https://bookcover.yuewen.com/qdbimg/349573/1019222135/150,https://book.qidian.com/info/1019222135
58,影视世界旅行家,昨夜大雨,科幻,每部电影都是一段旅程，玛丽莲梦露的性感风情，海外孤岛的无限孤寂，奥黛丽赫本的倾情一吻，努力活着的苦难历程。带你进入电影世界，感受不一样的人生。如果你有特别想要经历的、想要得到的、想要改变的，可以给大雨下任务，因为这本书，也是你们的私人订制。完本作品《会穿越的外交官》，《位面之纨绔生涯》，作者完本保证。交流群：474-664-346,最新更新 第1833章：空手套白狼,https://bookcover.yuewen.com/qdbimg/349573/1012797863/150,https://book.qidian.com/info/1012797863
59,怪物被杀就会死,阴天神隐,轻小说,――异于常人者，即为怪物――天生就是超能者，所到之处百鬼退避，捏碎骨头就和捏碎奶油饼干一样没有区别。太过特殊，其实不是什么好事，为了在这看似平凡的世界中寻找同类，苏昼十年来一路奔波寻觅，却都一无所获……直到灵气复苏突然的到来，为他拉开了一个广袤浩瀚的时代大幕。期待改变，期待超凡，苏昼并不希望看着这个世界燃烧，但他渴望世界变得热闹起来。千里独行，诸界漫步。路见不平，拔刀相助。即便在这充斥着怪物，邪魔与无数妖魔鬼怪的世界中，在这濒临破碎，处于毁灭前夕的多元宇宙内，也无需退缩恐惧，无需迷茫困惑，仍要怀着一颗渴求正义，追求正确的心。毕竟，正如同那人尽皆知的废话，‘人被杀，就会死’一样。怪物被杀，也会死。普群：429408755，无要求===vip群：606962637，7000粉丝值标准===PS：已有460w字完本精品小说《燃钢之魂》，可收藏。,最新更新 第二十五章 九玄神木 上 （6400）,https://bookcover.yuewen.com/qdbimg/349573/1016073648/150,https://book.qidian.com/info/1016073648
60,学魔养成系统,给您添蘑菇啦,都市,【今天，你变得更博学了吗？】【根据您的脑负载，学习效率提升为28倍。】【今日剩余学习活力值，26小时。】【活力值耗尽后，将无法获得知识。】【请通过系统内置功能进行放松恢复。】活力有限，疲劳当头，学魔来不及多想――卷来！――――――――老群已炸，新群当苟――877827217（满）1093871343（可进）980816918（VIP群，进群劳烦出示2000粉丝值截图）,最新更新 章节屏蔽+心态小崩+拉胯请假,https://bookcover.yuewen.com/qdbimg/349573/1017406500/150,https://book.qidian.com/info/1017406500
61,芝加哥1990,齐可休,轻小说,穿越、90年代、芝加哥、美娱、作曲、编剧、制片、传媒集团,最新更新 第一千五十二章?被追逐的感觉真好,https://bookcover.yuewen.com/qdbimg/349573/1013677094/150,https://book.qidian.com/info/1013677094
62,生活系游戏,吨吨吨吨吨,都市,【一份卖相不好的宫保鸡丁】从江枫无意中发现自己居然可以看到自家老爹炒出来的菜的备注开始，他的人生就已经发生了翻天覆地的变化……1.本游戏自由度极高，请玩家自行探索.2.本游戏不会干预玩家的任何选择，请玩家努力解锁成就.3.一切解释归游戏所有.普群一群：781556033V群：720368320（全订即可）,最新更新 第八百二十章 开宗立派,https://bookcover.yuewen.com/qdbimg/349573/1012710206/150,https://book.qidian.com/info/1012710206
63,我不是真的想惹事啊,左断手,悬疑,穷山恶水，阴森恐怖。妖魔潜藏，生人勿进。叮：前方三里，地下有尸，千年不化，撩它，你将得到铜头铁臂金刚身。听到提示音，柳金表示无奈。尸哥，我真的不想惹事，但我的系统就是这么贱，我也没办法啊。群号；581501849v群：1125095472，需要审核。,最新更新  第三百四十三章 嘴炮之下，不祥俯首,https://bookcover.yuewen.com/qdbimg/349573/1021271042/150,https://book.qidian.com/info/1021271042
64,我真没想当救世主啊,火中物,科幻,【62章起飞，92章爆炸。这是个凡夫俗子把自己硬顶成文明救世主的故事。】1977年，旅行者升空。2010年，旅行者二号向地球发送回一些奇怪的信息。2021年7月，旅行者二号提前四年彻底失联。二十六世纪初，地球文明被封锁圈养。3020年10月27日上午十点，人类灭亡。在灭亡的前一年，二十一世纪的普通青年陈锋穿越时空，抵达了千年之后，并且他发现自己死后将会回到二十一世纪。在未来阅读历史，在历史中改变未来。陈锋开始在这看似永恒的循环中，为自己与人类寻找黑暗中的唯一曙光。【读者群火锅粉《一号桌》：489337956。】,最新更新 第561章 “空”的秘密,https://bookcover.yuewen.com/qdbimg/349573/1016970531/150,https://book.qidian.com/info/1016970531
65,我在东京教剑道,范马加藤惠,轻小说,穿越到了1980年的东京葛氏区，继承了道场，父母双亡，有妹有房，但是存款快见底了，学生没有，怎么办，急，在线等。算了，不管了，快乐就完事了。面对疾风吧！,最新更新 075 月下圆舞,https://bookcover.yuewen.com/qdbimg/349573/1021402755/150,https://book.qidian.com/info/1021402755
66,从绘画开始的东京生活,和风遇月,轻小说,穿越至2003年的日本东京。摆在前职业画家东野司面前只有两条路，要么文抄《孤独的美食家》《白色巨塔》等日剧经典，要么拿下东京青年画赏，从此职业画家出道――,最新更新 第一三一章.想看看熊本熊啊(4000字),https://bookcover.yuewen.com/qdbimg/349573/1022379867/150,https://book.qidian.com/info/1022379867
67,大唐扫把星,迪巴拉爵士,历史,他穿越在即将被村民们活埋的那一刻，自爆……不，自救成功。他只想在这个时代混吃等死，可……那女人太疯狂了。……书友群：624065836，群名：大唐扫把星。若是全订，进去后可联系群主，验证进全订群。,最新更新 第159章 一路走好啊,https://bookcover.yuewen.com/qdbimg/349573/1021935657/150,https://book.qidian.com/info/1021935657
68,你很强但现在是我的了,听日,科幻,穷途末路，绝望濒死之际，乐语叫嚣道：“你有种就杀了我。”敌人狞笑道：“我从未听过这么奇怪的要求。”乐语死了。然后乐语又活了过来，活在敌人的身体里。这是一个被人杀，就会夺舍杀人者的故事。“为什么杀我的人都是一些身世离奇老奸巨猾任务线一大堆随时都会死的枭雄鬼才？”“就没有一些忠厚老实富可敌国美女成群的人生赢家来杀杀我吗！？”,最新更新 第331章 策反妹妹,https://bookcover.yuewen.com/qdbimg/349573/1019566240/150,https://book.qidian.com/info/1019566240
69,魔王不必被打倒,如倾如诉,轻小说,――――【圣剑】。――――【技能】。――――【祝福】。作为被召唤到异世界的勇者，该开的挂，希恩基本都开遍了。女神告诉他：“你是最有可能打倒魔王的人。”公主告诉他：“我就没见过像你这样犯规的。”连队友都说：“不如你去建个国之类的怎样？”可惜，希恩是这么打定主意的。“我要当个冒险者，毫无风险的打怪升级，再在满级以后偷偷摸摸的去打倒魔王，深藏功与名。”只是，魔王并不一定得被打倒，其实还能......（滑稽）群号：1104051839（内有VIP群号，如想入群，可前往了解）（PS：已完本四本500万字以上长篇小说《少女大召唤》、《全方位幻想》、《直死无限》、《奇迹的召唤师》，更新有节操，各位书友可以放心食用。）,最新更新 310 羡慕死你们，哼！,https://bookcover.yuewen.com/qdbimg/349573/1021905291/150,https://book.qidian.com/info/1021905291
70,玄浑道章,误道者,仙侠,在这个神怪遍地的世界经历了第六个纪元之后，煌煌天夏降临了！…………玄浑道章书友群：【762873632】玄浑道章?造化之界：【526275426】玄浑道章VIP书友群：【615387042】…………,最新更新 第一百五十六章 神缺犹未尽,https://bookcover.yuewen.com/qdbimg/349573/1015358161/150,https://book.qidian.com/info/1015358161
71,拼搏年代,白色十三号,都市,重回九八年，一个混过、累过、哭过、拼过的平凡人，希望能脚踏实地奔跑起来，跟上时代潮流。,最新更新 第216章 一锅端（求月票）,https://bookcover.yuewen.com/qdbimg/349573/1021681720/150,https://book.qidian.com/info/1021681720
72,柯南之我不是蛇精病,烟火酒颂,轻小说,穿越名侦探柯南的世界，池非迟被送进了医院。周二。医生：“明天周几？”池非迟：“周三。”医生：“咳，明天周五。”池非迟：“……”8月21日。医生：“明天几月几日？”池非迟：“8月22日。”医生：“咳，明天1月1日。”池非迟：“……”当所有人都认为混乱的时间是正确的，而其中一人无法正确辩识并融入其中，那这个人就是异类，就是病人！一入病院深似海，此生痊愈不可能。池非迟深吸一口气：“老！子！不！干！了！”读者群：756660924vip群：443075892,最新更新 第510章 毫无节操，丧心病狂,https://bookcover.yuewen.com/qdbimg/349573/1017470457/150,https://book.qidian.com/info/1017470457
73,高龄巨星,蠢蠢凡愚QD,都市,垂死病中惊坐起，花甲老翁当巨星。从龙套到网红，从网红到老戏骨，从老戏骨到老鲜肉.......史上最悲催主角李世信表示：虽然我碰瓷，倚老卖老，但我知道我是个好老头！这大致是一个用实力演绎你大爷永远是你大爷的故事。读者群：725462125VIP群：713480915（需验证，粉丝值2000以上）,最新更新 第683章：只要，爱！（求订阅，求月票！）,https://bookcover.yuewen.com/qdbimg/349573/1016460475/150,https://book.qidian.com/info/1016460475
74,我在幕后调教大佬,阎ZK,玄幻,妖魔，神灵，怪异。云上俯瞰天下的灵，行走在大地上的人。赵离一头载入了这个危险的时代，直接地狱开局。唯一的破局在于他异变的梦境。为了拼命活下去，他不得不走上一条在梦里具现出各大boss，然后想方设法抓人入梦，‘培养’这批人的道路。在当年蹂躏过第四天灾的boss们残酷的训练之下，赵离得到了自己想要的东西，心满意足地把他们放了出去――于是，这个世界发现，新的‘boss’们诞生了。,最新更新 第一百九十一章 我等，是人族的獠牙，是最后的屏障！（1/2）（五千字）,https://bookcover.yuewen.com/qdbimg/349573/1020396543/150,https://book.qidian.com/info/1020396543
75,农夫凶猛,懒鸟,玄幻,穿越成一个农夫？没问题，毕竟英雄不问出身。何况我还能看见属性栏，开局就有一个金手指是真香啊。但是等等，好像哪里有点不对。领主大人拿出来的那是什么？只见白光一闪，又有一个农夫扛着锄头呆呆傻傻的出现了……（书友群1074―4233―76）（VIP群4274―72089）,最新更新 第427章 领主级玄冰龟的诞生,https://bookcover.yuewen.com/qdbimg/349573/1020544103/150,https://book.qidian.com/info/1020544103
76,我真的只是想打铁,静悄悄地写,体育,90年代，正当大卫-斯特恩一脸焦虑地站在大天朝电视台门外，看着自己手中的NBA录像带，寻思着怎么来打开潜力无穷的中国市场时，他万万没想到.......原来向上帝许愿，还真TM有用！“铁影”、“北方神”、“NBA篮框之笑容保护者”、“不是后仰从不投”、“一手跳投美如画”......当拥有以上绰号的苏枫横空出世，未来许多人的青春，在这一刻开始了！“啊呸！这帮黑粉到底有完没完！劳资的绰号明明是‘弑神者’！”看着报纸，苏枫愤愤不平地说道。弑是弑神的弑，者是弑神者的者，至于神？90年代的NBA，能有几位神？普通群群号：484028022VIP全订群：老书全订读者在普通群私聊管理,最新更新 第三百五十三章 北方有龙吟（求订阅、月票！）,https://bookcover.yuewen.com/qdbimg/349573/1018126660/150,https://book.qidian.com/info/1018126660
77,我的人生模拟器,凿砚,都市,人生只有一次，但是……人生模拟器，能够让你体验千姿百态的不同人生。（群号419574189）,最新更新 第四百二十七章 巅峰对决，惊世一刀,https://bookcover.yuewen.com/qdbimg/349573/1016233785/150,https://book.qidian.com/info/1016233785
78,妖魔哪里走,全金属弹壳,仙侠,人道式微，诡道猖獗。百鬼夜行，苍生太苦。我王七麟愿以一柄斩鬼刀，于妖魔环伺之中为我人族杀出一条阳关大道！QQ群号：272351965，大家有喜欢聊天水群的，一起来。,最新更新 368.天魔画（6.4K大章求推荐票）,https://bookcover.yuewen.com/qdbimg/349573/1019561325/150,https://book.qidian.com/info/1019561325
79,穹顶之上,人间武库,都市,下半部简介：【穹顶之上，吾命之征】1，这是天顶战争后的世界：大尖退守南极，世界暂时恢复安宁，蔚蓝启动了全面征兵，人类生活在蜕变，源能科技大爆炸。韩青禹回到封龙岙，一觉醒来……2，在一个光与暗切割的世界里，你看到浩荡人群的背影，背负战刀平静从光影走向黑暗。然后，黑暗里开始有星辰闪耀。这个世界，那些星辰，永远在……,最新更新 以为不请假就能强迫自己写出来,https://bookcover.yuewen.com/qdbimg/349573/1013552688/150,https://book.qidian.com/info/1013552688
80,赘婿,愤怒的香蕉,历史,武朝末年，岁月峥嵘，天下纷乱，金辽相抗，局势动荡，百年屈辱，终于望见结束的第一缕曙光，天祚帝、完颜阿骨打、吴乞买，成吉思汗铁木真、札木合、赤老温、木华黎、博尔忽、博尔术、秦桧、岳飞、李纲、种师道、唐恪、吴敏、耿南仲、张邦昌，忠臣与奸臣的较量，英雄与枭雄的博弈，胡虏南下，百万铁骑叩雁门，江山沦陷，生灵涂炭，一个国家与民族百年的屈辱与抗争，先行者的哭泣、呐喊与悲怆……而在这之前一点点，江宁城中，暗流涌动，一个商贾家毫不起眼的小小赘婿，正在很没责任感地过着他那只想吃东西、看表演的悠闲人生……,最新更新 第一二五章 时代大潮 浩浩汤汤（四）,https://bookcover.yuewen.com/qdbimg/349573/1979049/150,https://book.qidian.com/info/1979049
81,明尊,辰一十一,仙侠,大哉乾元，万物资始，乃以统天。无上明尊，时乘六龙，所其无逸。―――――――――――――――――――这是一个土著主角的穿越者老爷爷苏醒，金手指成精了的故事。…………………………我钱晨一路走来，从来只靠自己！太上爸爸救我！,最新更新 第一百四十六章与人论品，金丹大道，舍我其谁,https://bookcover.yuewen.com/qdbimg/349573/1017325449/150,https://book.qidian.com/info/1017325449
82,开局一个掌中宇宙,一夕成道,游戏,护卫舰海。战列舰阵。泰坦光矛。群星咆哮。基因飞升，灵能飞升，机械飞升。远古失落帝国，吞噬恒星的利维坦，四维要塞。索伦虫族，高维恶魔，肃正协议三大天灾。这是一个高维文明留下的真实游戏，现实文明与游戏文明相互交错，游戏能影响现实文明的游戏。这是一个普通搬砖玩家偶然获得一个掌中宇宙，如何一步步蜕变且无敌的故事。,最新更新 第一百五十七章 废弃的擎天堡级空间站,https://bookcover.yuewen.com/qdbimg/349573/1022051825/150,https://book.qidian.com/info/1022051825
83,峡谷之巅,神秘的大西瓜,游戏,从小被教育做人做事要稳健，谋而后动，三思而后行，准备充分再做的陈稳，接受了这种教育，却在游戏里对稳健有着特别的理解。发育好才能赢，那让对面发育不好，我岂不是就是双倍的发育？再把对面杀了，不就是四倍的发育了吗？哎，打野怎么来了？一个逻辑鬼才的封神之路！~ps:已有完本四百万字老书《联盟之魔王系统》，人品保证，放心入坑。,最新更新 第四百五十七章 仙法级打野,https://bookcover.yuewen.com/qdbimg/349573/1018000426/150,https://book.qidian.com/info/1018000426
84,牧龙师,乱,玄幻,这片大陆上任何生灵都有几率化龙。传言每个生命都有自己的一道龙门，跃过之后，宛如苍穹日月，耀眼辉煌。人也是如此。人的龙门就在于化身牧龙师。四处找寻那些即将化龙的小幼灵，将它们驯养成当世无双的龙王！,最新更新 第400章 海上白巫蛾,https://bookcover.yuewen.com/qdbimg/349573/1019136570/150,https://book.qidian.com/info/1019136570
85,奶爸学园,剑沉黄海,都市,都说女儿是前世的情人，那万一前身是海王怎么办？在线等，我好方呐~~~金牌编剧穿越而来，面对的不是飞黄腾达三宫六院娱乐帝国，而是，满！园！子！的！瓜！娃！子！（日常风，温馨风，轻喜风，有萌娃，已有完本小说《与萌娃的文艺生活》《哥哥万万岁》）,最新更新 204、我要挖坑埋了你（3/3求订阅）,https://bookcover.yuewen.com/qdbimg/349573/1021836787/150,https://book.qidian.com/info/1021836787
86,世子很凶,关关公子,历史,世如棋，人如子。庙堂尔虞我诈，江湖爱恨情仇，市井喜怒哀乐，无非是一颗颗棋子，在棋盘上串联交织，迸发出的点点火光。昭鸿年间，坊间盛传有藩王窥伺金殿上那张龙椅，皇帝召各路藩王世子入京求学，实为质子。许不令身为肃王世子，天子脚下，本该谨言慎行‘藏拙自污’。结果……群众：“许世子德才兼备，实乃‘不鸣则已，一鸣惊人’。”许不令：“我不是，别瞎说。”群众：“许世子算无遗策，有平天下之大才。”许不令：“我没有，闭嘴。”群众：“许世子文韬武略，乃治世之能臣，乱世之……”许不令：“你们TM……”――――PS：完本人品保证，更新暴力，能宰直接宰吧！闲聊吹水群：1群667413480（满）2群670443574（空）V群进群单敲管理。,最新更新 第二十二章 风评被害（163/460）,https://bookcover.yuewen.com/qdbimg/349573/1017590932/150,https://book.qidian.com/info/1017590932
87,从山寨npc到大BOSS,白驹易逝,玄幻,（高订过万作品，质量有保障，每天更新不低于万字！）“哪怕要当npc，我也绝不当炮灰npc！”凉山寨里，有“人”默默立下了一个flag。――我叫秦书剑。皇皇三十载，书剑两无成。这是一个游戏里面的npc，一步步成为大BOSS的故事。（已有两百万字完本作品《重生之独步江湖》，更新有保障）普群（2000人新群）：951578438VIP粉丝群（满1500粉丝值可进）：1105669567,最新更新 第四百九十一章 混元圣果（6000字 92/382 求订阅求月票）,https://bookcover.yuewen.com/qdbimg/349573/1015710955/150,https://book.qidian.com/info/1015710955
88,环球挖土党,痞徒,都市,斯摩棱斯克战役、库尔斯克会战、斯大林格勒战役、北非战场、太平洋战场、神秘的南北极....二战过去了半个多世纪，但曾经的战场上仍活跃着一批追寻历史真相与战争宝藏的挖土党。书友群：474598281,最新更新 第286章 套娃军火商店,https://bookcover.yuewen.com/qdbimg/349573/1019238684/150,https://book.qidian.com/info/1019238684
89,公子实在太正义了,李鸿天,玄幻,“公子不愧是正义表率！”“风华绝代，儒雅随和，嫉恶如仇！”“天不生公子，正道万古如长夜！”……别夸！别再夸了！本公子才不是什么正道表率！本公子想要做坏事，要做反派！修邪功，戮长街，屠满门，乃至谋朝篡位！本公子真的很坏！PS：已有600万字万订《异世界的美食家》、300万字精品《造梦天师》、《打造超玄幻》，日更万字，放心观看~群：1081561535，欢迎加入~,最新更新 第二百六十六章 ? 突破二品，四万邪影加身！【7000字，求月票！】,https://bookcover.yuewen.com/qdbimg/349573/1021280511/150,https://book.qidian.com/info/1021280511
90,神魔书,血红,玄幻,我是谁？我在哪？我在做什么？我要做什么？我想做什么？我所见、所闻、所经历的一切，又都是为了什么？眼前的世界，是真实还是虚幻？左边的道路，密布荆棘；右边的道路，鲜花着锦。我要选择哪一条？我为什么要选择这一条？愿绝对的秩序指引我们。愿至高的真理与我同在。,最新更新 第一百九十一章 枯燥的旅程,https://bookcover.yuewen.com/qdbimg/349573/1020688719/150,https://book.qidian.com/info/1020688719
91,我快亏成麻瓜了,江公子阿宝,游戏,哈利波特世界的巫师大人穿越娱乐圈，为了回家不得不帮系统亏钱。有人说，拍文艺片一定会亏钱……有人说，拍续集的能亏掉渣……有人说，动画电影没人看……还有人说……闭嘴！你们可憋说了，都是骗纸！我亏着亏着……就亏成了娱乐圈首富。VIP书友群：439140772（进群需全订或一千粉丝值）推荐朋友写的好书《大盗贼》《网游之神宠猎人》~都是精品~,最新更新 第648章 为什么其他车都离我这么远,https://bookcover.yuewen.com/qdbimg/349573/1017101489/150,https://book.qidian.com/info/1017101489
92,万界圆梦师,棉衣卫,科幻,小李飞刀缘何频频登上头版头条？超级反派之子为何沉迷佛经不可自拔？笑傲江湖世界护臀板为何供不应求？天下会歌舞厅为何人满为患？……金牌圆梦师李小白郑重提醒广大群众：千万不要随便许愿，万一哪天就成真了呢？这是一个么得感情的许愿机器，带着每个拥有梦想的人，穿梭诸天万界，帮他们圆梦的故事！QQ群：57013682,最新更新 668 丹和人都要,https://bookcover.yuewen.com/qdbimg/349573/1016314237/150,https://book.qidian.com/info/1016314237
93,白骨大圣,咬火,玄幻,【均订过万玄幻精品！】死人沾地，老狗刨坟，阴人问路，吃活人饭，知道碰上其中一个意味着什么吗？「已有2万均订作品《这里有妖气》」「《这里有妖气》漫画改编版权已卖出」「《这里有妖气》漫画已上线，可在腾讯动漫、起点漫画、b站漫画阅读」书友①群：608548874；（已被祭天）书友②群：760859432；（少量空位）书友③群：633795166。（少量空位）,最新更新 第182章 京城镇国寺来的和尚（6k大章，求订阅求月票）,https://bookcover.yuewen.com/qdbimg/349573/1020884972/150,https://book.qidian.com/info/1020884972
94,圣墟,辰东,玄幻,在破败中崛起，在寂灭中复苏。沧海成尘，雷电枯竭，那一缕幽雾又一次临近大地，世间的枷锁被打开了，一个全新的世界就此揭开神秘的一角……,最新更新  第1576章 上苍,https://bookcover.yuewen.com/qdbimg/349573/1004608738/150,https://book.qidian.com/info/1004608738
95,医路坦途,臧福生,都市,医学生张凡，获得未来医疗系统，平凡的生活开始变得无限精彩。QQ群782723204！欢迎来吹牛,最新更新 371 给个机会,https://bookcover.yuewen.com/qdbimg/349573/1013477299/150,https://book.qidian.com/info/1013477299
96,我只想自力更生,中秋月明,都市,本书又名《我真是个拆二代》赵德柱重生了。他不知道炒国库券，不知道炒股票，不记得中奖彩票号，也不懂怎么做生意赚钱……他只有一个念头：我要自力更生！再也不做那个混吃等死的……拆二代书友新群:582356610，欢迎吹水不喜欢追更的，可以先看完本美术职业文《大美时代》、佣兵枪战文《我是个么得感情的杀手》,最新更新 101、话不多说，燃起战歌（首日四更）,https://bookcover.yuewen.com/qdbimg/349573/1021517869/150,https://book.qidian.com/info/1021517869
97,末日之最终战争,如水意,军事,外星人带着敌意降临。面对外星人的入侵，人类弱小的就像是蝼蚁。所以这是末日，真正的末日。但是有入侵就有反抗。对有些人来说这不是末日，这是战争。所以这就是战争。真正的战争！,最新更新 第六百三十四章 说出你的计划,https://bookcover.yuewen.com/qdbimg/349573/1016911093/150,https://book.qidian.com/info/1016911093
98,法爷永远是你大爷,翔炎,游戏,明明说是潜行式虚拟游戏，却是一个有灵魂的世界。明明法师是前期最弱的职业，但成长起来的主角，却能压着其它职业打。明明是游戏，但成为了大魔法师后，主角却在现实中，也能用咒语凭空搓出了小火苗。这游戏是什么鬼！,最新更新 576 领域中的元素生物几乎没有弱点,https://bookcover.yuewen.com/qdbimg/349573/1015421270/150,https://book.qidian.com/info/1015421270
99,我能提取熟练度,云东流,游戏,特殊技能《殓尸法》，可以通过收敛BOSS的尸体获得死者生前的武功熟练度！收敛泰山派长老的尸体，获得《剑术心得》，增加5000点剑法熟练度！收敛江洋大盗的尸体，获得《轻功心得》，增加1500点内功熟练度！收敛青城掌门的尸体，获得《内功心得》，获得《暗器心得》…………从此以后，夜未明开启了他那杀、埋、超度一条龙的别样游戏之旅。独孤求败：“我独孤求败愿称你为――剑人！”,最新更新 第1020章 乾坤大挪移！（为【壶中日月】加更124/1300）,https://bookcover.yuewen.com/qdbimg/349573/1016049749/150,https://book.qidian.com/info/1016049749
100,医者无眠,真熊初墨,都市,天才有天才的苦恼，疑似超忆症患者吴冕无奈回到老家成为医务科科长。故事，从他回老家的夏天开始。,最新更新 365 巨额工资（求订阅）,https://bookcover.yuewen.com/qdbimg/349573/1021518112/150,https://book.qidian.com/info/1021518112
